target,model,feature_set,feature_count,fold,fold_role,n,mae_kw,rmse_kw,unit,train_rows,dropped_rows,seconds
customer_load,classical_hist_gbm,A,4,F01,ABLATION,22440,0.15596,0.18753,kW,950400,0,6.2
customer_load,classical_hist_gbm,A,4,F02,ABLATION,22440,0.16168,0.18669,kW,950400,0,6.2
customer_load,classical_hist_gbm,A,4,F03,ABLATION,22440,0.15895,0.19514,kW,950400,0,6.2
customer_load,classical_hist_gbm,A,4,F04,ABLATION,22440,0.16433,0.18959,kW,950400,0,6.2
customer_load,classical_hist_gbm,A,4,F05,CONFIRMATION,29920,0.17291,0.19010,kW,950400,0,6.2
customer_load,classical_hist_gbm,A,4,F06,CONFIRMATION,59840,0.17349,0.19123,kW,950400,0,6.2
customer_load,classical_hist_gbm,B,5,F01,ABLATION,22440,0.16205,0.19559,kW,950400,0,5.5
customer_load,classical_hist_gbm,B,5,F02,ABLATION,22440,0.15568,0.19030,kW,950400,0,5.5
customer_load,classical_hist_gbm,B,5,F03,ABLATION,22440,0.16352,0.20963,kW,950400,0,5.5
customer_load,classical_hist_gbm,B,5,F04,ABLATION,22440,0.15785,0.18789,kW,950400,0,5.5
customer_load,classical_hist_gbm,B,5,F05,CONFIRMATION,29920,0.18300,0.20386,kW,950400,0,5.5
customer_load,classical_hist_gbm,B,5,F06,CONFIRMATION,59840,0.17214,0.19362,kW,950400,0,5.5
customer_load,classical_hist_gbm,C,9,F01,ABLATION,22440,0.15651,0.18762,kW,950400,0,8.9
customer_load,classical_hist_gbm,C,9,F02,ABLATION,22440,0.16270,0.18698,kW,950400,0,8.9
customer_load,classical_hist_gbm,C,9,F03,ABLATION,22440,0.16012,0.19578,kW,950400,0,8.9
customer_load,classical_hist_gbm,C,9,F04,ABLATION,22440,0.16538,0.19000,kW,950400,0,8.9
customer_load,classical_hist_gbm,C,9,F05,CONFIRMATION,29920,0.17212,0.18888,kW,950400,0,8.9
customer_load,classical_hist_gbm,C,9,F06,CONFIRMATION,59840,0.17381,0.19115,kW,950400,0,8.9
customer_load,classical_hist_gbm,D,11,F01,ABLATION,22440,0.15587,0.18758,kW,950400,0,9.6
customer_load,classical_hist_gbm,D,11,F02,ABLATION,22440,0.16084,0.18705,kW,950400,0,9.6
customer_load,classical_hist_gbm,D,11,F03,ABLATION,22440,0.16064,0.19815,kW,950400,0,9.6
customer_load,classical_hist_gbm,D,11,F04,ABLATION,22440,0.16487,0.18983,kW,950400,0,9.6
customer_load,classical_hist_gbm,D,11,F05,CONFIRMATION,29920,0.16816,0.18394,kW,950400,0,9.6
customer_load,classical_hist_gbm,D,11,F06,CONFIRMATION,59840,0.17217,0.18957,kW,950400,0,9.6
customer_load,classical_hist_gbm,E,13,F01,ABLATION,22440,0.15699,0.18725,kW,950400,0,9.0
customer_load,classical_hist_gbm,E,13,F02,ABLATION,22440,0.16118,0.18692,kW,950400,0,9.0
customer_load,classical_hist_gbm,E,13,F03,ABLATION,22440,0.16057,0.19690,kW,950400,0,9.0
customer_load,classical_hist_gbm,E,13,F04,ABLATION,22440,0.16527,0.18968,kW,950400,0,9.0
customer_load,classical_hist_gbm,E,13,F05,CONFIRMATION,29920,0.17071,0.18706,kW,950400,0,9.0
customer_load,classical_hist_gbm,E,13,F06,CONFIRMATION,59840,0.17359,0.19101,kW,950400,0,9.0
